<?xml version="1.0" encoding="UTF-8"?>
<beans xmlns="http://www.springframework.org/schema/beans"
	xmlns:xsi="http://www.w3.org/2001/XMLSchema-instance"
	xmlns:mybatis-spring="http://mybatis.org/schema/mybatis-spring"
	xsi:schemaLocation="http://mybatis.org/schema/mybatis-spring http://mybatis.org/schema/mybatis-spring-1.2.xsd
		http://www.springframework.org/schema/beans https://www.springframework.org/schema/beans/spring-beans.xsd">

	<!-- Root Context: defines shared resources visible to all other web components -->
	<bean id="hikariConfig" class="com.zaxxer.hikari.HikariConfig">
		<property name="driverClassName"
			value="net.sf.log4jdbc.sql.jdbcapi.DriverSpy"></property>
		<property name="jdbcUrl"
			value="jdbc:log4jdbc:oracle:thin:@localhost:1521:xe"></property>
		<property name="username" value="hr"></property>
		<property name="password" value="java1234"></property>
	</bean>

	<bean id="dataSource" class="com.zaxxer.hikari.HikariDataSource"
		destroy-method="close">
		<constructor-arg ref="hikariConfig"></constructor-arg>
	</bean>

	<bean id="sessionfactory"
		class="org.mybatis.spring.SqlSessionFactoryBean">
		<property name="dataSource" ref="dataSource"></property>
		<!-- <property name="mapperLocations"
			value="classpath*:mapper/*.xml"></property> -->
	</bean>

	<!-- <bean class="org.mybatis.spring.SqlSessionTemplate">
		<constructor-arg ref="sessionfactory"></constructor-arg>
	</bean> -->
	
	<!--
		1. SQL 어디 있는지?
		2. SqlSessionTemplate > 누가 SQL 실행?
			- <mybatis-spring>
			- TimeMapper(I) > 인식 > SQL 실행 
	-->
	
	
	<!-- 인터페이스를 넣어둔 패키지를 지정 -->
	<mybatis-spring:scan base-package="com.test.mapper"/>
	
</beans>